﻿<?xml version="1.0" encoding="utf-8"?>
<TextureAtlas imagePath="BOYFRIEND.png">
	<!-- Created with Adobe Animate version 20.0.0.17400 -->
	<!-- http://www.adobe.com/products/animate.html -->
	<SubTexture name="BF Dead Loop0000" x="0" y="0" width="405" height="466"/>
	<SubTexture name="BF Dead Loop0001" x="409" y="0" width="405" height="466"/>
	<SubTexture name="BF Dead Loop0002" x="409" y="0" width="405" height="466"/>
	<SubTexture name="BF Dead Loop0003" x="818" y="0" width="405" height="466"/>
	<SubTexture name="BF Dead Loop0004" x="818" y="0" width="405" height="466"/>
	<SubTexture name="BF Dead Loop0005" x="1227" y="0" width="405" height="466"/>
	<SubTexture name="BF Dead Loop0006" x="1227" y="0" width="405" height="466"/>
	<SubTexture name="BF Dead Loop0007" x="1636" y="0" width="405" height="466"/>
	<SubTexture name="BF Dead Loop0008" x="2045" y="0" width="405" height="466"/>
	<SubTexture name="BF Dead Loop0009" x="2045" y="0" width="405" height="466"/>
	<SubTexture name="BF Dead Loop0010" x="2045" y="0" width="405" height="466"/>
	<SubTexture name="BF Dead Loop0011" x="2045" y="0" width="405" height="466"/>
	<SubTexture name="BF Dead Loop0012" x="2045" y="0" width="405" height="466"/>
	<SubTexture name="BF Dead Loop0013" x="2045" y="0" width="405" height="466"/>
	<SubTexture name="BF Dead Loop0014" x="2045" y="0" width="405" height="466"/>
	<SubTexture name="BF Dead Loop0015" x="2045" y="0" width="405" height="466"/>
	<SubTexture name="BF Dead Loop0016" x="2045" y="0" width="405" height="466"/>
	<SubTexture name="BF Dead Loop0017" x="0" y="0" width="405" height="466"/>
	<SubTexture name="BF Dead Loop0018" x="409" y="0" width="405" height="466"/>
	<SubTexture name="BF Dead Loop0019" x="409" y="0" width="405" height="466"/>
	<SubTexture name="BF Dead Loop0020" x="818" y="0" width="405" height="466"/>
	<SubTexture name="BF Dead Loop0021" x="818" y="0" width="405" height="466"/>
	<SubTexture name="BF Dead Loop0022" x="1227" y="0" width="405" height="466"/>
	<SubTexture name="BF Dead Loop0023" x="1227" y="0" width="405" height="466"/>
	<SubTexture name="BF Dead Loop0024" x="2045" y="0" width="405" height="466"/>
	<SubTexture name="BF Dead Loop0025" x="2045" y="0" width="405" height="466"/>
	<SubTexture name="BF Dead Loop0026" x="2045" y="0" width="405" height="466"/>
	<SubTexture name="BF Dead Loop0027" x="2045" y="0" width="405" height="466"/>
	<SubTexture name="BF Dead Loop0028" x="2045" y="0" width="405" height="466"/>
	<SubTexture name="BF Dead Loop0029" x="2045" y="0" width="405" height="466"/>
	<SubTexture name="BF Dead Loop0030" x="1636" y="0" width="405" height="466"/>
	<SubTexture name="BF Dead Loop0031" x="2045" y="0" width="405" height="466"/>
	<SubTexture name="BF Dead Loop0032" x="2045" y="0" width="405" height="466"/>
	<SubTexture name="BF Dead Loop0033" x="2045" y="0" width="405" height="466"/>
	<SubTexture name="BF Dead confirm0000" x="2454" y="0" width="405" height="466" frameX="1" frameY="-65" frameWidth="439" frameHeight="499"/>
	<SubTexture name="BF Dead confirm0001" x="2863" y="0" width="419" height="469" frameX="1" frameY="-62" frameWidth="439" frameHeight="499"/>
	<SubTexture name="BF Dead confirm0002" x="3286" y="0" width="419" height="499" frameX="1" frameY="-32" frameWidth="439" frameHeight="499"/>
	<SubTexture name="BF Dead confirm0003" x="3709" y="0" width="419" height="469" frameX="1" frameY="-62" frameWidth="439" frameHeight="499"/>
	<SubTexture name="BF Dead confirm0004" x="4132" y="0" width="419" height="469" frameX="1" frameY="-62" frameWidth="439" frameHeight="499"/>
	<SubTexture name="BF Dead confirm0005" x="4555" y="0" width="419" height="469" frameX="1" frameY="-62" frameWidth="439" frameHeight="499"/>
	<SubTexture name="BF Dead confirm0006" x="4978" y="0" width="419" height="469" frameX="1" frameY="-62" frameWidth="439" frameHeight="499"/>
	<SubTexture name="BF Dead confirm0007" x="5401" y="0" width="419" height="469" frameX="1" frameY="-62" frameWidth="439" frameHeight="499"/>
	<SubTexture name="BF Dead confirm0008" x="5824" y="0" width="419" height="469" frameX="1" frameY="-62" frameWidth="439" frameHeight="499"/>
	<SubTexture name="BF Dead confirm0009" x="6247" y="0" width="419" height="469" frameX="1" frameY="-62" frameWidth="439" frameHeight="499"/>
	<SubTexture name="BF Dead confirm0010" x="6670" y="0" width="419" height="469" frameX="1" frameY="-62" frameWidth="439" frameHeight="499"/>
	<SubTexture name="BF Dead confirm0011" x="7093" y="0" width="419" height="469" frameX="1" frameY="-62" frameWidth="439" frameHeight="499"/>
	<SubTexture name="BF Dead confirm0012" x="7516" y="0" width="420" height="469" frameX="1" frameY="-62" frameWidth="439" frameHeight="499"/>
	<SubTexture name="BF Dead confirm0013" x="0" y="503" width="422" height="469" frameX="1" frameY="-62" frameWidth="439" frameHeight="499"/>
	<SubTexture name="BF Dead confirm0014" x="426" y="503" width="425" height="469" frameX="1" frameY="-62" frameWidth="439" frameHeight="499"/>
	<SubTexture name="BF Dead confirm0015" x="855" y="503" width="427" height="469" frameX="1" frameY="-62" frameWidth="439" frameHeight="499"/>
	<SubTexture name="BF Dead confirm0016" x="1286" y="503" width="430" height="469" frameX="1" frameY="-62" frameWidth="439" frameHeight="499"/>
	<SubTexture name="BF Dead confirm0017" x="1720" y="503" width="431" height="469" frameX="1" frameY="-62" frameWidth="439" frameHeight="499"/>
	<SubTexture name="BF Dead confirm0018" x="2155" y="503" width="433" height="469" frameX="1" frameY="-62" frameWidth="439" frameHeight="499"/>
	<SubTexture name="BF Dead confirm0019" x="2592" y="503" width="435" height="469" frameX="1" frameY="-62" frameWidth="439" frameHeight="499"/>
	<SubTexture name="BF Dead confirm0020" x="3031" y="503" width="436" height="469" frameX="1" frameY="-62" frameWidth="439" frameHeight="499"/>
	<SubTexture name="BF Dead confirm0021" x="3471" y="503" width="437" height="469" frameX="1" frameY="-62" frameWidth="439" frameHeight="499"/>
	<SubTexture name="BF Dead confirm0022" x="3912" y="503" width="438" height="469" frameX="1" frameY="-62" frameWidth="439" frameHeight="499"/>
	<SubTexture name="BF Dead confirm0023" x="4354" y="503" width="438" height="469" frameX="1" frameY="-62" frameWidth="439" frameHeight="499"/>
	<SubTexture name="BF Dead confirm0024" x="4354" y="503" width="438" height="469" frameX="1" frameY="-62" frameWidth="439" frameHeight="499"/>
	<SubTexture name="BF Dead confirm0025" x="4354" y="503" width="438" height="469" frameX="1" frameY="-62" frameWidth="439" frameHeight="499"/>
	<SubTexture name="BF Dead confirm0026" x="4354" y="503" width="438" height="469" frameX="1" frameY="-62" frameWidth="439" frameHeight="499"/>
	<SubTexture name="BF Dead confirm0027" x="4354" y="503" width="438" height="469" frameX="1" frameY="-62" frameWidth="439" frameHeight="499"/>
	<SubTexture name="BF Dead confirm0028" x="4354" y="503" width="438" height="469" frameX="1" frameY="-62" frameWidth="439" frameHeight="499"/>
	<SubTexture name="BF Dead confirm0029" x="4354" y="503" width="438" height="469" frameX="1" frameY="-62" frameWidth="439" frameHeight="499"/>
	<SubTexture name="BF Dead confirm0030" x="4354" y="503" width="438" height="469" frameX="1" frameY="-62" frameWidth="439" frameHeight="499"/>
	<SubTexture name="BF Dead confirm0031" x="4354" y="503" width="438" height="469" frameX="1" frameY="-62" frameWidth="439" frameHeight="499"/>
	<SubTexture name="BF Dead confirm0032" x="4354" y="503" width="438" height="469" frameX="1" frameY="-62" frameWidth="439" frameHeight="499"/>
	<SubTexture name="BF Dead confirm0033" x="4354" y="503" width="438" height="469" frameX="1" frameY="-62" frameWidth="439" frameHeight="499"/>
	<SubTexture name="BF HEY!!0000" x="4796" y="503" width="395" height="418" frameX="0" frameY="-15" frameWidth="395" frameHeight="435"/>
	<SubTexture name="BF HEY!!0001" x="4796" y="503" width="395" height="418" frameX="0" frameY="-15" frameWidth="395" frameHeight="435"/>
	<SubTexture name="BF HEY!!0002" x="5195" y="503" width="376" height="433" frameX="-1" frameY="-2" frameWidth="395" frameHeight="435"/>
	<SubTexture name="BF HEY!!0003" x="5195" y="503" width="376" height="433" frameX="-1" frameY="-2" frameWidth="395" frameHeight="435"/>
	<SubTexture name="BF HEY!!0004" x="5575" y="503" width="379" height="435" frameX="-1" frameY="0" frameWidth="395" frameHeight="435"/>
	<SubTexture name="BF HEY!!0005" x="5575" y="503" width="379" height="435" frameX="-1" frameY="0" frameWidth="395" frameHeight="435"/>
	<SubTexture name="BF HEY!!0006" x="5575" y="503" width="379" height="435" frameX="-1" frameY="0" frameWidth="395" frameHeight="435"/>
	<SubTexture name="BF HEY!!0007" x="5575" y="503" width="379" height="435" frameX="-1" frameY="0" frameWidth="395" frameHeight="435"/>
	<SubTexture name="BF HEY!!0008" x="5575" y="503" width="379" height="435" frameX="-1" frameY="0" frameWidth="395" frameHeight="435"/>
	<SubTexture name="BF HEY!!0009" x="5575" y="503" width="379" height="435" frameX="-1" frameY="0" frameWidth="395" frameHeight="435"/>
	<SubTexture name="BF HEY!!0010" x="5575" y="503" width="379" height="435" frameX="-1" frameY="0" frameWidth="395" frameHeight="435"/>
	<SubTexture name="BF HEY!!0011" x="5575" y="503" width="379" height="435" frameX="-1" frameY="0" frameWidth="395" frameHeight="435"/>
	<SubTexture name="BF HEY!!0012" x="5575" y="503" width="379" height="435" frameX="-1" frameY="0" frameWidth="395" frameHeight="435"/>
	<SubTexture name="BF HEY!!0013" x="5575" y="503" width="379" height="435" frameX="-1" frameY="0" frameWidth="395" frameHeight="435"/>
	<SubTexture name="BF HEY!!0014" x="5575" y="503" width="379" height="435" frameX="-1" frameY="0" frameWidth="395" frameHeight="435"/>
	<SubTexture name="BF HEY!!0015" x="5575" y="503" width="379" height="435" frameX="-1" frameY="0" frameWidth="395" frameHeight="435"/>
	<SubTexture name="BF HEY!!0016" x="5575" y="503" width="379" height="435" frameX="-1" frameY="0" frameWidth="395" frameHeight="435"/>
	<SubTexture name="BF HEY!!0017" x="5575" y="503" width="379" height="435" frameX="-1" frameY="0" frameWidth="395" frameHeight="435"/>
	<SubTexture name="BF HEY!!0018" x="5575" y="503" width="379" height="435" frameX="-1" frameY="0" frameWidth="395" frameHeight="435"/>
	<SubTexture name="BF HEY!!0019" x="5575" y="503" width="379" height="435" frameX="-1" frameY="0" frameWidth="395" frameHeight="435"/>
	<SubTexture name="BF HEY!!0020" x="5575" y="503" width="379" height="435" frameX="-1" frameY="0" frameWidth="395" frameHeight="435"/>
	<SubTexture name="BF HEY!!0021" x="5575" y="503" width="379" height="435" frameX="-1" frameY="0" frameWidth="395" frameHeight="435"/>
	<SubTexture name="BF HEY!!0022" x="5575" y="503" width="379" height="435" frameX="-1" frameY="0" frameWidth="395" frameHeight="435"/>
	<SubTexture name="BF HEY!!0023" x="5575" y="503" width="379" height="435" frameX="-1" frameY="0" frameWidth="395" frameHeight="435"/>
	<SubTexture name="BF HEY!!0024" x="5575" y="503" width="379" height="435" frameX="-1" frameY="0" frameWidth="395" frameHeight="435"/>
	<SubTexture name="BF HEY!!0025" x="5575" y="503" width="379" height="435" frameX="-1" frameY="0" frameWidth="395" frameHeight="435"/>
	<SubTexture name="BF NOTE DOWN MISS0000" x="6719" y="503" width="374" height="381" frameX="-1" frameY="-12" frameWidth="376" frameHeight="384"/>
	<SubTexture name="BF NOTE DOWN MISS0001" x="5958" y="503" width="375" height="393" frameX="-2" frameY="0" frameWidth="378" frameHeight="393"/>
	<SubTexture name="BF NOTE DOWN MISS0002" x="5958" y="503" width="375" height="393" frameX="-2" frameY="0" frameWidth="378" frameHeight="393"/>
	<SubTexture name="BF NOTE DOWN MISS0003" x="6337" y="503" width="378" height="389" frameX="0" frameY="-4" frameWidth="378" frameHeight="393"/>
	<SubTexture name="BF NOTE DOWN MISS0004" x="6337" y="503" width="378" height="389" frameX="0" frameY="-4" frameWidth="378" frameHeight="393"/>
	<SubTexture name="BF NOTE DOWN MISS0005" x="6337" y="503" width="378" height="389" frameX="0" frameY="-4" frameWidth="378" frameHeight="393"/>
	<SubTexture name="BF NOTE DOWN MISS0006" x="6337" y="503" width="378" height="389" frameX="0" frameY="-4" frameWidth="378" frameHeight="393"/>
	<SubTexture name="BF NOTE DOWN MISS0007" x="6337" y="503" width="378" height="389" frameX="0" frameY="-4" frameWidth="378" frameHeight="393"/>
	<SubTexture name="BF NOTE DOWN MISS0008" x="6337" y="503" width="378" height="389" frameX="0" frameY="-4" frameWidth="378" frameHeight="393"/>
	<SubTexture name="BF NOTE DOWN MISS0009" x="6337" y="503" width="378" height="389" frameX="0" frameY="-4" frameWidth="378" frameHeight="393"/>
	<SubTexture name="BF NOTE DOWN MISS0010" x="6337" y="503" width="378" height="389" frameX="0" frameY="-4" frameWidth="378" frameHeight="393"/>
	<SubTexture name="BF NOTE DOWN MISS0011" x="6337" y="503" width="378" height="389" frameX="0" frameY="-4" frameWidth="378" frameHeight="393"/>
	<SubTexture name="BF NOTE DOWN MISS0012" x="6337" y="503" width="378" height="389" frameX="0" frameY="-4" frameWidth="378" frameHeight="393"/>
	<SubTexture name="BF NOTE DOWN MISS0013" x="6337" y="503" width="378" height="389" frameX="0" frameY="-4" frameWidth="378" frameHeight="393"/>
	<SubTexture name="BF NOTE DOWN MISS0014" x="6337" y="503" width="378" height="389" frameX="0" frameY="-4" frameWidth="378" frameHeight="393"/>
	<SubTexture name="BF NOTE DOWN MISS0015" x="6337" y="503" width="378" height="389" frameX="0" frameY="-4" frameWidth="378" frameHeight="393"/>
	<SubTexture name="BF NOTE DOWN MISS0016" x="6337" y="503" width="378" height="389" frameX="0" frameY="-4" frameWidth="378" frameHeight="393"/>
	<SubTexture name="BF NOTE DOWN MISS0017" x="6337" y="503" width="378" height="389" frameX="0" frameY="-4" frameWidth="378" frameHeight="393"/>
	<SubTexture name="BF NOTE DOWN MISS0018" x="6337" y="503" width="378" height="389" frameX="0" frameY="-4" frameWidth="378" frameHeight="393"/>
	<SubTexture name="BF NOTE DOWN MISS0019" x="6337" y="503" width="378" height="389" frameX="0" frameY="-4" frameWidth="378" frameHeight="393"/>
	<SubTexture name="BF NOTE DOWN MISS0020" x="6337" y="503" width="378" height="389" frameX="0" frameY="-4" frameWidth="378" frameHeight="393"/>
	<SubTexture name="BF NOTE DOWN MISS0021" x="6337" y="503" width="378" height="389" frameX="0" frameY="-4" frameWidth="378" frameHeight="393"/>
	<SubTexture name="BF NOTE DOWN MISS0022" x="6337" y="503" width="378" height="389" frameX="0" frameY="-4" frameWidth="378" frameHeight="393"/>
	<SubTexture name="BF NOTE DOWN MISS0023" x="6337" y="503" width="378" height="389" frameX="0" frameY="-4" frameWidth="378" frameHeight="393"/>
	<SubTexture name="BF NOTE DOWN MISS0024" x="6337" y="503" width="378" height="389" frameX="0" frameY="-4" frameWidth="378" frameHeight="393"/>
	<SubTexture name="BF NOTE DOWN MISS0025" x="6337" y="503" width="378" height="389" frameX="0" frameY="-4" frameWidth="378" frameHeight="393"/>
	<SubTexture name="BF NOTE DOWN MISS0026" x="6337" y="503" width="378" height="389" frameX="0" frameY="-4" frameWidth="378" frameHeight="393"/>
	<SubTexture name="BF NOTE DOWN MISS0027" x="6337" y="503" width="378" height="389" frameX="0" frameY="-4" frameWidth="378" frameHeight="393"/>
	<SubTexture name="BF NOTE DOWN MISS0028" x="6337" y="503" width="378" height="389" frameX="0" frameY="-4" frameWidth="378" frameHeight="393"/>
	<SubTexture name="BF NOTE DOWN0000" x="6719" y="503" width="374" height="381" frameX="-2" frameY="-3" frameWidth="376" frameHeight="384"/>
	<SubTexture name="BF NOTE DOWN0001" x="6719" y="503" width="374" height="381" frameX="-2" frameY="-3" frameWidth="376" frameHeight="384"/>
	<SubTexture name="BF NOTE DOWN0002" x="7097" y="503" width="372" height="384" frameX="0" frameY="0" frameWidth="376" frameHeight="384"/>
	<SubTexture name="BF NOTE DOWN0003" x="7097" y="503" width="372" height="384" frameX="0" frameY="0" frameWidth="376" frameHeight="384"/>
	<SubTexture name="BF NOTE DOWN0004" x="7097" y="503" width="372" height="384" frameX="0" frameY="0" frameWidth="376" frameHeight="384"/>
	<SubTexture name="BF NOTE DOWN0005" x="7097" y="503" width="372" height="384" frameX="0" frameY="0" frameWidth="376" frameHeight="384"/>
	<SubTexture name="BF NOTE DOWN0006" x="7097" y="503" width="372" height="384" frameX="0" frameY="0" frameWidth="376" frameHeight="384"/>
	<SubTexture name="BF NOTE DOWN0007" x="7097" y="503" width="372" height="384" frameX="0" frameY="0" frameWidth="376" frameHeight="384"/>
	<SubTexture name="BF NOTE DOWN0008" x="7097" y="503" width="372" height="384" frameX="0" frameY="0" frameWidth="376" frameHeight="384"/>
	<SubTexture name="BF NOTE DOWN0009" x="7097" y="503" width="372" height="384" frameX="0" frameY="0" frameWidth="376" frameHeight="384"/>
	<SubTexture name="BF NOTE DOWN0010" x="7097" y="503" width="372" height="384" frameX="0" frameY="0" frameWidth="376" frameHeight="384"/>
	<SubTexture name="BF NOTE DOWN0011" x="7097" y="503" width="372" height="384" frameX="0" frameY="0" frameWidth="376" frameHeight="384"/>
	<SubTexture name="BF NOTE DOWN0012" x="7097" y="503" width="372" height="384" frameX="0" frameY="0" frameWidth="376" frameHeight="384"/>
	<SubTexture name="BF NOTE DOWN0013" x="7097" y="503" width="372" height="384" frameX="0" frameY="0" frameWidth="376" frameHeight="384"/>
	<SubTexture name="BF NOTE DOWN0014" x="7097" y="503" width="372" height="384" frameX="0" frameY="0" frameWidth="376" frameHeight="384"/>
	<SubTexture name="BF NOTE DOWN0015" x="7097" y="503" width="372" height="384" frameX="0" frameY="0" frameWidth="376" frameHeight="384"/>
	<SubTexture name="BF NOTE DOWN0016" x="7097" y="503" width="372" height="384" frameX="0" frameY="0" frameWidth="376" frameHeight="384"/>
	<SubTexture name="BF NOTE DOWN0017" x="7097" y="503" width="372" height="384" frameX="0" frameY="0" frameWidth="376" frameHeight="384"/>
	<SubTexture name="BF NOTE DOWN0018" x="7097" y="503" width="372" height="384" frameX="0" frameY="0" frameWidth="376" frameHeight="384"/>
	<SubTexture name="BF NOTE DOWN0019" x="7097" y="503" width="372" height="384" frameX="0" frameY="0" frameWidth="376" frameHeight="384"/>
	<SubTexture name="BF NOTE DOWN0020" x="7097" y="503" width="372" height="384" frameX="0" frameY="0" frameWidth="376" frameHeight="384"/>
	<SubTexture name="BF NOTE DOWN0021" x="7097" y="503" width="372" height="384" frameX="0" frameY="0" frameWidth="376" frameHeight="384"/>
	<SubTexture name="BF NOTE DOWN0022" x="7097" y="503" width="372" height="384" frameX="0" frameY="0" frameWidth="376" frameHeight="384"/>
	<SubTexture name="BF NOTE DOWN0023" x="7097" y="503" width="372" height="384" frameX="0" frameY="0" frameWidth="376" frameHeight="384"/>
	<SubTexture name="BF NOTE DOWN0024" x="7097" y="503" width="372" height="384" frameX="0" frameY="0" frameWidth="376" frameHeight="384"/>
	<SubTexture name="BF NOTE DOWN0025" x="7097" y="503" width="372" height="384" frameX="0" frameY="0" frameWidth="376" frameHeight="384"/>
	<SubTexture name="BF NOTE DOWN0026" x="7097" y="503" width="372" height="384" frameX="0" frameY="0" frameWidth="376" frameHeight="384"/>
	<SubTexture name="BF NOTE DOWN0027" x="7097" y="503" width="372" height="384" frameX="0" frameY="0" frameWidth="376" frameHeight="384"/>
	<SubTexture name="BF NOTE DOWN0028" x="7097" y="503" width="372" height="384" frameX="0" frameY="0" frameWidth="376" frameHeight="384"/>
	<SubTexture name="BF NOTE DOWN0029" x="7097" y="503" width="372" height="384" frameX="0" frameY="0" frameWidth="376" frameHeight="384"/>
	<SubTexture name="BF NOTE LEFT MISS0000" x="374" y="976" width="383" height="427" frameX="0" frameY="-6" frameWidth="383" frameHeight="427"/>
	<SubTexture name="BF NOTE LEFT MISS0001" x="7473" y="503" width="369" height="431" frameX="-15" frameY="0" frameWidth="384" frameHeight="433"/>
	<SubTexture name="BF NOTE LEFT MISS0002" x="7473" y="503" width="369" height="431" frameX="-15" frameY="0" frameWidth="384" frameHeight="433"/>
	<SubTexture name="BF NOTE LEFT MISS0003" x="0" y="976" width="370" height="431" frameX="-13" frameY="0" frameWidth="384" frameHeight="433"/>
	<SubTexture name="BF NOTE LEFT MISS0004" x="0" y="976" width="370" height="431" frameX="-13" frameY="0" frameWidth="384" frameHeight="433"/>
	<SubTexture name="BF NOTE LEFT MISS0005" x="0" y="976" width="370" height="431" frameX="-13" frameY="0" frameWidth="384" frameHeight="433"/>
	<SubTexture name="BF NOTE LEFT MISS0006" x="0" y="976" width="370" height="431" frameX="-13" frameY="0" frameWidth="384" frameHeight="433"/>
	<SubTexture name="BF NOTE LEFT MISS0007" x="0" y="976" width="370" height="431" frameX="-13" frameY="0" frameWidth="384" frameHeight="433"/>
	<SubTexture name="BF NOTE LEFT MISS0008" x="0" y="976" width="370" height="431" frameX="-13" frameY="0" frameWidth="384" frameHeight="433"/>
	<SubTexture name="BF NOTE LEFT MISS0009" x="0" y="976" width="370" height="431" frameX="-13" frameY="0" frameWidth="384" frameHeight="433"/>
	<SubTexture name="BF NOTE LEFT MISS0010" x="0" y="976" width="370" height="431" frameX="-13" frameY="0" frameWidth="384" frameHeight="433"/>
	<SubTexture name="BF NOTE LEFT MISS0011" x="0" y="976" width="370" height="431" frameX="-13" frameY="0" frameWidth="384" frameHeight="433"/>
	<SubTexture name="BF NOTE LEFT MISS0012" x="0" y="976" width="370" height="431" frameX="-13" frameY="0" frameWidth="384" frameHeight="433"/>
	<SubTexture name="BF NOTE LEFT MISS0013" x="0" y="976" width="370" height="431" frameX="-13" frameY="0" frameWidth="384" frameHeight="433"/>
	<SubTexture name="BF NOTE LEFT MISS0014" x="0" y="976" width="370" height="431" frameX="-13" frameY="0" frameWidth="384" frameHeight="433"/>
	<SubTexture name="BF NOTE LEFT MISS0015" x="0" y="976" width="370" height="431" frameX="-13" frameY="0" frameWidth="384" frameHeight="433"/>
	<SubTexture name="BF NOTE LEFT MISS0016" x="0" y="976" width="370" height="431" frameX="-13" frameY="0" frameWidth="384" frameHeight="433"/>
	<SubTexture name="BF NOTE LEFT MISS0017" x="0" y="976" width="370" height="431" frameX="-13" frameY="0" frameWidth="384" frameHeight="433"/>
	<SubTexture name="BF NOTE LEFT MISS0018" x="0" y="976" width="370" height="431" frameX="-13" frameY="0" frameWidth="384" frameHeight="433"/>
	<SubTexture name="BF NOTE LEFT MISS0019" x="0" y="976" width="370" height="431" frameX="-13" frameY="0" frameWidth="384" frameHeight="433"/>
	<SubTexture name="BF NOTE LEFT MISS0020" x="0" y="976" width="370" height="431" frameX="-13" frameY="0" frameWidth="384" frameHeight="433"/>
	<SubTexture name="BF NOTE LEFT MISS0021" x="0" y="976" width="370" height="431" frameX="-13" frameY="0" frameWidth="384" frameHeight="433"/>
	<SubTexture name="BF NOTE LEFT MISS0022" x="0" y="976" width="370" height="431" frameX="-13" frameY="0" frameWidth="384" frameHeight="433"/>
	<SubTexture name="BF NOTE LEFT MISS0023" x="0" y="976" width="370" height="431" frameX="-13" frameY="0" frameWidth="384" frameHeight="433"/>
	<SubTexture name="BF NOTE LEFT MISS0024" x="0" y="976" width="370" height="431" frameX="-13" frameY="0" frameWidth="384" frameHeight="433"/>
	<SubTexture name="BF NOTE LEFT MISS0025" x="0" y="976" width="370" height="431" frameX="-13" frameY="0" frameWidth="384" frameHeight="433"/>
	<SubTexture name="BF NOTE LEFT MISS0026" x="0" y="976" width="370" height="431" frameX="-13" frameY="0" frameWidth="384" frameHeight="433"/>
	<SubTexture name="BF NOTE LEFT MISS0027" x="0" y="976" width="370" height="431" frameX="-13" frameY="0" frameWidth="384" frameHeight="433"/>
	<SubTexture name="BF NOTE LEFT MISS0028" x="0" y="976" width="370" height="431" frameX="-13" frameY="0" frameWidth="384" frameHeight="433"/>
	<SubTexture name="BF NOTE LEFT MISS0029" x="0" y="976" width="370" height="431" frameX="-13" frameY="0" frameWidth="384" frameHeight="433"/>
	<SubTexture name="BF NOTE LEFT MISS0030" x="0" y="976" width="370" height="431" frameX="-13" frameY="0" frameWidth="384" frameHeight="433"/>
	<SubTexture name="BF NOTE LEFT MISS0031" x="0" y="976" width="370" height="431" frameX="-13" frameY="0" frameWidth="384" frameHeight="433"/>
	<SubTexture name="BF NOTE LEFT MISS0032" x="0" y="976" width="370" height="431" frameX="-13" frameY="0" frameWidth="384" frameHeight="433"/>
	<SubTexture name="BF NOTE LEFT MISS0033" x="0" y="976" width="370" height="431" frameX="-13" frameY="0" frameWidth="384" frameHeight="433"/>
	<SubTexture name="BF NOTE LEFT0000" x="374" y="976" width="383" height="427"/>
	<SubTexture name="BF NOTE LEFT0001" x="374" y="976" width="383" height="427"/>
	<SubTexture name="BF NOTE LEFT0002" x="761" y="976" width="373" height="426" frameX="-10" frameY="-1" frameWidth="383" frameHeight="427"/>
	<SubTexture name="BF NOTE LEFT0003" x="761" y="976" width="373" height="426" frameX="-10" frameY="-1" frameWidth="383" frameHeight="427"/>
	<SubTexture name="BF NOTE LEFT0004" x="761" y="976" width="373" height="426" frameX="-10" frameY="-1" frameWidth="383" frameHeight="427"/>
	<SubTexture name="BF NOTE LEFT0005" x="761" y="976" width="373" height="426" frameX="-10" frameY="-1" frameWidth="383" frameHeight="427"/>
	<SubTexture name="BF NOTE LEFT0006" x="761" y="976" width="373" height="426" frameX="-10" frameY="-1" frameWidth="383" frameHeight="427"/>
	<SubTexture name="BF NOTE LEFT0007" x="761" y="976" width="373" height="426" frameX="-10" frameY="-1" frameWidth="383" frameHeight="427"/>
	<SubTexture name="BF NOTE LEFT0008" x="761" y="976" width="373" height="426" frameX="-10" frameY="-1" frameWidth="383" frameHeight="427"/>
	<SubTexture name="BF NOTE LEFT0009" x="761" y="976" width="373" height="426" frameX="-10" frameY="-1" frameWidth="383" frameHeight="427"/>
	<SubTexture name="BF NOTE LEFT0010" x="761" y="976" width="373" height="426" frameX="-10" frameY="-1" frameWidth="383" frameHeight="427"/>
	<SubTexture name="BF NOTE LEFT0011" x="761" y="976" width="373" height="426" frameX="-10" frameY="-1" frameWidth="383" frameHeight="427"/>
	<SubTexture name="BF NOTE LEFT0012" x="761" y="976" width="373" height="426" frameX="-10" frameY="-1" frameWidth="383" frameHeight="427"/>
	<SubTexture name="BF NOTE LEFT0013" x="761" y="976" width="373" height="426" frameX="-10" frameY="-1" frameWidth="383" frameHeight="427"/>
	<SubTexture name="BF NOTE LEFT0014" x="761" y="976" width="373" height="426" frameX="-10" frameY="-1" frameWidth="383" frameHeight="427"/>
	<SubTexture name="BF NOTE RIGHT MISS0000" x="1942" y="976" width="361" height="430" frameX="-7" frameY="-6" frameWidth="362" frameHeight="430"/>
	<SubTexture name="BF NOTE RIGHT MISS0001" x="1138" y="976" width="396" height="433" frameX="0" frameY="0" frameWidth="401" frameHeight="436"/>
	<SubTexture name="BF NOTE RIGHT MISS0002" x="1138" y="976" width="396" height="433" frameX="0" frameY="0" frameWidth="401" frameHeight="436"/>
	<SubTexture name="BF NOTE RIGHT MISS0003" x="1538" y="976" width="400" height="433" frameX="-1" frameY="0" frameWidth="401" frameHeight="436"/>
	<SubTexture name="BF NOTE RIGHT MISS0004" x="1538" y="976" width="400" height="433" frameX="-1" frameY="0" frameWidth="401" frameHeight="436"/>
	<SubTexture name="BF NOTE RIGHT MISS0005" x="1538" y="976" width="400" height="433" frameX="-1" frameY="0" frameWidth="401" frameHeight="436"/>
	<SubTexture name="BF NOTE RIGHT MISS0006" x="1538" y="976" width="400" height="433" frameX="-1" frameY="0" frameWidth="401" frameHeight="436"/>
	<SubTexture name="BF NOTE RIGHT MISS0007" x="1538" y="976" width="400" height="433" frameX="-1" frameY="0" frameWidth="401" frameHeight="436"/>
	<SubTexture name="BF NOTE RIGHT MISS0008" x="1538" y="976" width="400" height="433" frameX="-1" frameY="0" frameWidth="401" frameHeight="436"/>
	<SubTexture name="BF NOTE RIGHT MISS0009" x="1538" y="976" width="400" height="433" frameX="-1" frameY="0" frameWidth="401" frameHeight="436"/>
	<SubTexture name="BF NOTE RIGHT MISS0010" x="1538" y="976" width="400" height="433" frameX="-1" frameY="0" frameWidth="401" frameHeight="436"/>
	<SubTexture name="BF NOTE RIGHT MISS0011" x="1538" y="976" width="400" height="433" frameX="-1" frameY="0" frameWidth="401" frameHeight="436"/>
	<SubTexture name="BF NOTE RIGHT MISS0012" x="1538" y="976" width="400" height="433" frameX="-1" frameY="0" frameWidth="401" frameHeight="436"/>
	<SubTexture name="BF NOTE RIGHT MISS0013" x="1538" y="976" width="400" height="433" frameX="-1" frameY="0" frameWidth="401" frameHeight="436"/>
	<SubTexture name="BF NOTE RIGHT MISS0014" x="1538" y="976" width="400" height="433" frameX="-1" frameY="0" frameWidth="401" frameHeight="436"/>
	<SubTexture name="BF NOTE RIGHT MISS0015" x="1538" y="976" width="400" height="433" frameX="-1" frameY="0" frameWidth="401" frameHeight="436"/>
	<SubTexture name="BF NOTE RIGHT MISS0016" x="1538" y="976" width="400" height="433" frameX="-1" frameY="0" frameWidth="401" frameHeight="436"/>
	<SubTexture name="BF NOTE RIGHT MISS0017" x="1538" y="976" width="400" height="433" frameX="-1" frameY="0" frameWidth="401" frameHeight="436"/>
	<SubTexture name="BF NOTE RIGHT MISS0018" x="1538" y="976" width="400" height="433" frameX="-1" frameY="0" frameWidth="401" frameHeight="436"/>
	<SubTexture name="BF NOTE RIGHT MISS0019" x="1538" y="976" width="400" height="433" frameX="-1" frameY="0" frameWidth="401" frameHeight="436"/>
	<SubTexture name="BF NOTE RIGHT MISS0020" x="1538" y="976" width="400" height="433" frameX="-1" frameY="0" frameWidth="401" frameHeight="436"/>
	<SubTexture name="BF NOTE RIGHT MISS0021" x="1538" y="976" width="400" height="433" frameX="-1" frameY="0" frameWidth="401" frameHeight="436"/>
	<SubTexture name="BF NOTE RIGHT MISS0022" x="1538" y="976" width="400" height="433" frameX="-1" frameY="0" frameWidth="401" frameHeight="436"/>
	<SubTexture name="BF NOTE RIGHT MISS0023" x="1538" y="976" width="400" height="433" frameX="-1" frameY="0" frameWidth="401" frameHeight="436"/>
	<SubTexture name="BF NOTE RIGHT MISS0024" x="1538" y="976" width="400" height="433" frameX="-1" frameY="0" frameWidth="401" frameHeight="436"/>
	<SubTexture name="BF NOTE RIGHT MISS0025" x="1538" y="976" width="400" height="433" frameX="-1" frameY="0" frameWidth="401" frameHeight="436"/>
	<SubTexture name="BF NOTE RIGHT MISS0026" x="1538" y="976" width="400" height="433" frameX="-1" frameY="0" frameWidth="401" frameHeight="436"/>
	<SubTexture name="BF NOTE RIGHT MISS0027" x="1538" y="976" width="400" height="433" frameX="-1" frameY="0" frameWidth="401" frameHeight="436"/>
	<SubTexture name="BF NOTE RIGHT MISS0028" x="1538" y="976" width="400" height="433" frameX="-1" frameY="0" frameWidth="401" frameHeight="436"/>
	<SubTexture name="BF NOTE RIGHT MISS0029" x="1538" y="976" width="400" height="433" frameX="-1" frameY="0" frameWidth="401" frameHeight="436"/>
	<SubTexture name="BF NOTE RIGHT MISS0030" x="1538" y="976" width="400" height="433" frameX="-1" frameY="0" frameWidth="401" frameHeight="436"/>
	<SubTexture name="BF NOTE RIGHT MISS0031" x="1538" y="976" width="400" height="433" frameX="-1" frameY="0" frameWidth="401" frameHeight="436"/>
	<SubTexture name="BF NOTE RIGHT MISS0032" x="1538" y="976" width="400" height="433" frameX="-1" frameY="0" frameWidth="401" frameHeight="436"/>
	<SubTexture name="BF NOTE RIGHT MISS0033" x="1538" y="976" width="400" height="433" frameX="-1" frameY="0" frameWidth="401" frameHeight="436"/>
	<SubTexture name="BF NOTE RIGHT MISS0034" x="1538" y="976" width="400" height="433" frameX="-1" frameY="0" frameWidth="401" frameHeight="436"/>
	<SubTexture name="BF NOTE RIGHT MISS0035" x="1538" y="976" width="400" height="433" frameX="-1" frameY="0" frameWidth="401" frameHeight="436"/>
	<SubTexture name="BF NOTE RIGHT MISS0036" x="1538" y="976" width="400" height="433" frameX="-1" frameY="0" frameWidth="401" frameHeight="436"/>
	<SubTexture name="BF NOTE RIGHT MISS0037" x="1538" y="976" width="400" height="433" frameX="-1" frameY="0" frameWidth="401" frameHeight="436"/>
	<SubTexture name="BF NOTE RIGHT MISS0038" x="1538" y="976" width="400" height="433" frameX="-1" frameY="0" frameWidth="401" frameHeight="436"/>
	<SubTexture name="BF NOTE RIGHT MISS0039" x="1538" y="976" width="400" height="433" frameX="-1" frameY="0" frameWidth="401" frameHeight="436"/>
	<SubTexture name="BF NOTE RIGHT MISS0040" x="1538" y="976" width="400" height="433" frameX="-1" frameY="0" frameWidth="401" frameHeight="436"/>
	<SubTexture name="BF NOTE RIGHT MISS0041" x="1538" y="976" width="400" height="433" frameX="-1" frameY="0" frameWidth="401" frameHeight="436"/>
	<SubTexture name="BF NOTE RIGHT MISS0042" x="1538" y="976" width="400" height="433" frameX="-1" frameY="0" frameWidth="401" frameHeight="436"/>
	<SubTexture name="BF NOTE RIGHT MISS0043" x="1538" y="976" width="400" height="433" frameX="-1" frameY="0" frameWidth="401" frameHeight="436"/>
	<SubTexture name="BF NOTE RIGHT MISS0044" x="1538" y="976" width="400" height="433" frameX="-1" frameY="0" frameWidth="401" frameHeight="436"/>
	<SubTexture name="BF NOTE RIGHT MISS0045" x="1538" y="976" width="400" height="433" frameX="-1" frameY="0" frameWidth="401" frameHeight="436"/>
	<SubTexture name="BF NOTE RIGHT0000" x="1942" y="976" width="361" height="430" frameX="-1" frameY="0" frameWidth="362" frameHeight="430"/>
	<SubTexture name="BF NOTE RIGHT0001" x="1942" y="976" width="361" height="430" frameX="-1" frameY="0" frameWidth="362" frameHeight="430"/>
	<SubTexture name="BF NOTE RIGHT0002" x="2307" y="976" width="362" height="430"/>
	<SubTexture name="BF NOTE RIGHT0003" x="2307" y="976" width="362" height="430"/>
	<SubTexture name="BF NOTE RIGHT0004" x="2307" y="976" width="362" height="430"/>
	<SubTexture name="BF NOTE RIGHT0005" x="2307" y="976" width="362" height="430"/>
	<SubTexture name="BF NOTE RIGHT0006" x="2307" y="976" width="362" height="430"/>
	<SubTexture name="BF NOTE RIGHT0007" x="2307" y="976" width="362" height="430"/>
	<SubTexture name="BF NOTE RIGHT0008" x="2307" y="976" width="362" height="430"/>
	<SubTexture name="BF NOTE RIGHT0009" x="2307" y="976" width="362" height="430"/>
	<SubTexture name="BF NOTE RIGHT0010" x="2307" y="976" width="362" height="430"/>
	<SubTexture name="BF NOTE RIGHT0011" x="2307" y="976" width="362" height="430"/>
	<SubTexture name="BF NOTE RIGHT0012" x="2307" y="976" width="362" height="430"/>
	<SubTexture name="BF NOTE RIGHT0013" x="2307" y="976" width="362" height="430"/>
	<SubTexture name="BF NOTE RIGHT0014" x="2307" y="976" width="362" height="430"/>
	<SubTexture name="BF NOTE RIGHT0015" x="2307" y="976" width="362" height="430"/>
	<SubTexture name="BF NOTE RIGHT0016" x="2307" y="976" width="362" height="430"/>
	<SubTexture name="BF NOTE RIGHT0017" x="2307" y="976" width="362" height="430"/>
	<SubTexture name="BF NOTE RIGHT0018" x="2307" y="976" width="362" height="430"/>
	<SubTexture name="BF NOTE RIGHT0019" x="2307" y="976" width="362" height="430"/>
	<SubTexture name="BF NOTE RIGHT0020" x="2307" y="976" width="362" height="430"/>
	<SubTexture name="BF NOTE RIGHT0021" x="2307" y="976" width="362" height="430"/>
	<SubTexture name="BF NOTE RIGHT0022" x="2307" y="976" width="362" height="430"/>
	<SubTexture name="BF NOTE RIGHT0023" x="2307" y="976" width="362" height="430"/>
	<SubTexture name="BF NOTE RIGHT0024" x="2307" y="976" width="362" height="430"/>
	<SubTexture name="BF NOTE RIGHT0025" x="2307" y="976" width="362" height="430"/>
	<SubTexture name="BF NOTE RIGHT0026" x="2307" y="976" width="362" height="430"/>
	<SubTexture name="BF NOTE RIGHT0027" x="2307" y="976" width="362" height="430"/>
	<SubTexture name="BF NOTE RIGHT0028" x="2307" y="976" width="362" height="430"/>
	<SubTexture name="BF NOTE RIGHT0029" x="2307" y="976" width="362" height="430"/>
	<SubTexture name="BF NOTE RIGHT0030" x="2307" y="976" width="362" height="430"/>
	<SubTexture name="BF NOTE RIGHT0031" x="2307" y="976" width="362" height="430"/>
	<SubTexture name="BF NOTE RIGHT0032" x="2307" y="976" width="362" height="430"/>
	<SubTexture name="BF NOTE RIGHT0033" x="2307" y="976" width="362" height="430"/>
	<SubTexture name="BF NOTE RIGHT0034" x="2307" y="976" width="362" height="430"/>
	<SubTexture name="BF NOTE RIGHT0035" x="2307" y="976" width="362" height="430"/>
	<SubTexture name="BF NOTE RIGHT0036" x="2307" y="976" width="362" height="430"/>
	<SubTexture name="BF NOTE RIGHT0037" x="2307" y="976" width="362" height="430"/>
	<SubTexture name="BF NOTE RIGHT0038" x="2307" y="976" width="362" height="430"/>
	<SubTexture name="BF NOTE RIGHT0039" x="2307" y="976" width="362" height="430"/>
	<SubTexture name="BF NOTE RIGHT0040" x="2307" y="976" width="362" height="430"/>
	<SubTexture name="BF NOTE RIGHT0041" x="2307" y="976" width="362" height="430"/>
	<SubTexture name="BF NOTE RIGHT0042" x="2307" y="976" width="362" height="430"/>
	<SubTexture name="BF NOTE RIGHT0043" x="2307" y="976" width="362" height="430"/>
	<SubTexture name="BF NOTE RIGHT0044" x="2307" y="976" width="362" height="430"/>
	<SubTexture name="BF NOTE RIGHT0045" x="2307" y="976" width="362" height="430"/>
	<SubTexture name="BF NOTE RIGHT0046" x="2307" y="976" width="362" height="430"/>
	<SubTexture name="BF NOTE RIGHT0047" x="2307" y="976" width="362" height="430"/>
	<SubTexture name="BF NOTE RIGHT0048" x="2307" y="976" width="362" height="430"/>
	<SubTexture name="BF NOTE RIGHT0049" x="2307" y="976" width="362" height="430"/>
	<SubTexture name="BF NOTE RIGHT0050" x="2307" y="976" width="362" height="430"/>
	<SubTexture name="BF NOTE RIGHT0051" x="2307" y="976" width="362" height="430"/>
	<SubTexture name="BF NOTE RIGHT0052" x="2307" y="976" width="362" height="430"/>
	<SubTexture name="BF NOTE RIGHT0053" x="2307" y="976" width="362" height="430"/>
	<SubTexture name="BF NOTE RIGHT0054" x="2307" y="976" width="362" height="430"/>
	<SubTexture name="BF NOTE RIGHT0055" x="2307" y="976" width="362" height="430"/>
	<SubTexture name="BF NOTE RIGHT0056" x="2307" y="976" width="362" height="430"/>
	<SubTexture name="BF NOTE RIGHT0057" x="2307" y="976" width="362" height="430"/>
	<SubTexture name="BF NOTE RIGHT0058" x="2307" y="976" width="362" height="430"/>
	<SubTexture name="BF NOTE RIGHT0059" x="2307" y="976" width="362" height="430"/>
	<SubTexture name="BF NOTE RIGHT0060" x="2307" y="976" width="362" height="430"/>
	<SubTexture name="BF NOTE RIGHT0061" x="2307" y="976" width="362" height="430"/>
	<SubTexture name="BF NOTE UP MISS0000" x="3397" y="976" width="372" height="460" frameX="-10" frameY="0" frameWidth="377" frameHeight="460"/>
	<SubTexture name="BF NOTE UP MISS0001" x="2673" y="976" width="360" height="427" frameX="0" frameY="-26" frameWidth="382" frameHeight="459"/>
	<SubTexture name="BF NOTE UP MISS0002" x="2673" y="976" width="360" height="427" frameX="0" frameY="-26" frameWidth="382" frameHeight="459"/>
	<SubTexture name="BF NOTE UP MISS0003" x="3037" y="976" width="356" height="430" frameX="-2" frameY="-23" frameWidth="382" frameHeight="459"/>
	<SubTexture name="BF NOTE UP MISS0004" x="3037" y="976" width="356" height="430" frameX="-2" frameY="-23" frameWidth="382" frameHeight="459"/>
	<SubTexture name="BF NOTE UP MISS0005" x="3037" y="976" width="356" height="430" frameX="-2" frameY="-23" frameWidth="382" frameHeight="459"/>
	<SubTexture name="BF NOTE UP MISS0006" x="3037" y="976" width="356" height="430" frameX="-2" frameY="-23" frameWidth="382" frameHeight="459"/>
	<SubTexture name="BF NOTE UP MISS0007" x="3037" y="976" width="356" height="430" frameX="-2" frameY="-23" frameWidth="382" frameHeight="459"/>
	<SubTexture name="BF NOTE UP MISS0008" x="3037" y="976" width="356" height="430" frameX="-2" frameY="-23" frameWidth="382" frameHeight="459"/>
	<SubTexture name="BF NOTE UP MISS0009" x="3037" y="976" width="356" height="430" frameX="-2" frameY="-23" frameWidth="382" frameHeight="459"/>
	<SubTexture name="BF NOTE UP MISS0010" x="3037" y="976" width="356" height="430" frameX="-2" frameY="-23" frameWidth="382" frameHeight="459"/>
	<SubTexture name="BF NOTE UP MISS0011" x="3037" y="976" width="356" height="430" frameX="-2" frameY="-23" frameWidth="382" frameHeight="459"/>
	<SubTexture name="BF NOTE UP MISS0012" x="3037" y="976" width="356" height="430" frameX="-2" frameY="-23" frameWidth="382" frameHeight="459"/>
	<SubTexture name="BF NOTE UP MISS0013" x="3037" y="976" width="356" height="430" frameX="-2" frameY="-23" frameWidth="382" frameHeight="459"/>
	<SubTexture name="BF NOTE UP MISS0014" x="3037" y="976" width="356" height="430" frameX="-2" frameY="-23" frameWidth="382" frameHeight="459"/>
	<SubTexture name="BF NOTE UP MISS0015" x="3037" y="976" width="356" height="430" frameX="-2" frameY="-23" frameWidth="382" frameHeight="459"/>
	<SubTexture name="BF NOTE UP MISS0016" x="3037" y="976" width="356" height="430" frameX="-2" frameY="-23" frameWidth="382" frameHeight="459"/>
	<SubTexture name="BF NOTE UP MISS0017" x="3037" y="976" width="356" height="430" frameX="-2" frameY="-23" frameWidth="382" frameHeight="459"/>
	<SubTexture name="BF NOTE UP MISS0018" x="3037" y="976" width="356" height="430" frameX="-2" frameY="-23" frameWidth="382" frameHeight="459"/>
	<SubTexture name="BF NOTE UP MISS0019" x="3037" y="976" width="356" height="430" frameX="-2" frameY="-23" frameWidth="382" frameHeight="459"/>
	<SubTexture name="BF NOTE UP MISS0020" x="3037" y="976" width="356" height="430" frameX="-2" frameY="-23" frameWidth="382" frameHeight="459"/>
	<SubTexture name="BF NOTE UP MISS0021" x="3037" y="976" width="356" height="430" frameX="-2" frameY="-23" frameWidth="382" frameHeight="459"/>
	<SubTexture name="BF NOTE UP MISS0022" x="3037" y="976" width="356" height="430" frameX="-2" frameY="-23" frameWidth="382" frameHeight="459"/>
	<SubTexture name="BF NOTE UP MISS0023" x="3037" y="976" width="356" height="430" frameX="-2" frameY="-23" frameWidth="382" frameHeight="459"/>
	<SubTexture name="BF NOTE UP0000" x="3397" y="976" width="372" height="460" frameX="-5" frameY="0" frameWidth="377" frameHeight="460"/>
	<SubTexture name="BF NOTE UP0001" x="3397" y="976" width="372" height="460" frameX="-5" frameY="0" frameWidth="377" frameHeight="460"/>
	<SubTexture name="BF NOTE UP0002" x="3773" y="976" width="376" height="454" frameX="0" frameY="-5" frameWidth="377" frameHeight="460"/>
	<SubTexture name="BF NOTE UP0003" x="3773" y="976" width="376" height="454" frameX="0" frameY="-5" frameWidth="377" frameHeight="460"/>
	<SubTexture name="BF NOTE UP0004" x="3773" y="976" width="376" height="454" frameX="0" frameY="-5" frameWidth="377" frameHeight="460"/>
	<SubTexture name="BF NOTE UP0005" x="3773" y="976" width="376" height="454" frameX="0" frameY="-5" frameWidth="377" frameHeight="460"/>
	<SubTexture name="BF NOTE UP0006" x="3773" y="976" width="376" height="454" frameX="0" frameY="-5" frameWidth="377" frameHeight="460"/>
	<SubTexture name="BF NOTE UP0007" x="3773" y="976" width="376" height="454" frameX="0" frameY="-5" frameWidth="377" frameHeight="460"/>
	<SubTexture name="BF NOTE UP0008" x="3773" y="976" width="376" height="454" frameX="0" frameY="-5" frameWidth="377" frameHeight="460"/>
	<SubTexture name="BF NOTE UP0009" x="3773" y="976" width="376" height="454" frameX="0" frameY="-5" frameWidth="377" frameHeight="460"/>
	<SubTexture name="BF NOTE UP0010" x="3773" y="976" width="376" height="454" frameX="0" frameY="-5" frameWidth="377" frameHeight="460"/>
	<SubTexture name="BF NOTE UP0011" x="3773" y="976" width="376" height="454" frameX="0" frameY="-5" frameWidth="377" frameHeight="460"/>
	<SubTexture name="BF NOTE UP0012" x="3773" y="976" width="376" height="454" frameX="0" frameY="-5" frameWidth="377" frameHeight="460"/>
	<SubTexture name="BF NOTE UP0013" x="3773" y="976" width="376" height="454" frameX="0" frameY="-5" frameWidth="377" frameHeight="460"/>
	<SubTexture name="BF NOTE UP0014" x="3773" y="976" width="376" height="454" frameX="0" frameY="-5" frameWidth="377" frameHeight="460"/>
	<SubTexture name="BF dies0000" x="4153" y="976" width="407" height="449" frameX="0" frameY="0" frameWidth="428" frameHeight="478"/>
	<SubTexture name="BF dies0001" x="4564" y="976" width="410" height="449" frameX="0" frameY="0" frameWidth="428" frameHeight="478"/>
	<SubTexture name="BF dies0002" x="4978" y="976" width="410" height="443" frameX="0" frameY="-8" frameWidth="428" frameHeight="478"/>
	<SubTexture name="BF dies0003" x="5392" y="976" width="428" height="443" frameX="0" frameY="-8" frameWidth="428" frameHeight="478"/>
	<SubTexture name="BF dies0004" x="5824" y="976" width="428" height="443" frameX="0" frameY="-8" frameWidth="428" frameHeight="478"/>
	<SubTexture name="BF dies0005" x="6256" y="976" width="428" height="443" frameX="0" frameY="-8" frameWidth="428" frameHeight="478"/>
	<SubTexture name="BF dies0006" x="6688" y="976" width="405" height="443" frameX="0" frameY="-8" frameWidth="428" frameHeight="478"/>
	<SubTexture name="BF dies0007" x="6688" y="976" width="405" height="443" frameX="0" frameY="-8" frameWidth="428" frameHeight="478"/>
	<SubTexture name="BF dies0008" x="6688" y="976" width="405" height="443" frameX="0" frameY="-8" frameWidth="428" frameHeight="478"/>
	<SubTexture name="BF dies0009" x="6688" y="976" width="405" height="443" frameX="0" frameY="-8" frameWidth="428" frameHeight="478"/>
	<SubTexture name="BF dies0010" x="6688" y="976" width="405" height="443" frameX="0" frameY="-8" frameWidth="428" frameHeight="478"/>
	<SubTexture name="BF dies0011" x="6688" y="976" width="405" height="443" frameX="0" frameY="-8" frameWidth="428" frameHeight="478"/>
	<SubTexture name="BF dies0012" x="6688" y="976" width="405" height="443" frameX="0" frameY="-8" frameWidth="428" frameHeight="478"/>
	<SubTexture name="BF dies0013" x="6688" y="976" width="405" height="443" frameX="0" frameY="-8" frameWidth="428" frameHeight="478"/>
	<SubTexture name="BF dies0014" x="6688" y="976" width="405" height="443" frameX="0" frameY="-8" frameWidth="428" frameHeight="478"/>
	<SubTexture name="BF dies0015" x="7097" y="976" width="405" height="443" frameX="0" frameY="-8" frameWidth="428" frameHeight="478"/>
	<SubTexture name="BF dies0016" x="7097" y="976" width="405" height="443" frameX="0" frameY="-8" frameWidth="428" frameHeight="478"/>
	<SubTexture name="BF dies0017" x="7097" y="976" width="405" height="443" frameX="0" frameY="-8" frameWidth="428" frameHeight="478"/>
	<SubTexture name="BF dies0018" x="7506" y="976" width="405" height="443" frameX="0" frameY="-8" frameWidth="428" frameHeight="478"/>
	<SubTexture name="BF dies0019" x="7506" y="976" width="405" height="443" frameX="0" frameY="-8" frameWidth="428" frameHeight="478"/>
	<SubTexture name="BF dies0020" x="0" y="1440" width="405" height="443" frameX="0" frameY="-8" frameWidth="428" frameHeight="478"/>
	<SubTexture name="BF dies0021" x="0" y="1440" width="405" height="443" frameX="0" frameY="-8" frameWidth="428" frameHeight="478"/>
	<SubTexture name="BF dies0022" x="409" y="1440" width="405" height="443" frameX="0" frameY="-8" frameWidth="428" frameHeight="478"/>
	<SubTexture name="BF dies0023" x="409" y="1440" width="405" height="443" frameX="0" frameY="-8" frameWidth="428" frameHeight="478"/>
	<SubTexture name="BF dies0024" x="818" y="1440" width="405" height="443" frameX="0" frameY="-8" frameWidth="428" frameHeight="478"/>
	<SubTexture name="BF dies0025" x="1227" y="1440" width="405" height="470" frameX="0" frameY="-8" frameWidth="428" frameHeight="478"/>
	<SubTexture name="BF dies0026" x="1227" y="1440" width="405" height="470" frameX="0" frameY="-8" frameWidth="428" frameHeight="478"/>
	<SubTexture name="BF dies0027" x="1636" y="1440" width="405" height="465" frameX="0" frameY="-8" frameWidth="428" frameHeight="478"/>
	<SubTexture name="BF dies0028" x="1636" y="1440" width="405" height="465" frameX="0" frameY="-8" frameWidth="428" frameHeight="478"/>
	<SubTexture name="BF dies0029" x="2045" y="1440" width="405" height="466" frameX="0" frameY="-8" frameWidth="428" frameHeight="478"/>
	<SubTexture name="BF dies0030" x="2045" y="1440" width="405" height="466" frameX="0" frameY="-8" frameWidth="428" frameHeight="478"/>
	<SubTexture name="BF dies0031" x="2454" y="1440" width="405" height="466" frameX="0" frameY="-8" frameWidth="428" frameHeight="478"/>
	<SubTexture name="BF dies0032" x="2454" y="1440" width="405" height="466" frameX="0" frameY="-8" frameWidth="428" frameHeight="478"/>
	<SubTexture name="BF dies0033" x="2454" y="1440" width="405" height="466" frameX="0" frameY="-8" frameWidth="428" frameHeight="478"/>
	<SubTexture name="BF dies0034" x="2454" y="1440" width="405" height="466" frameX="0" frameY="-8" frameWidth="428" frameHeight="478"/>
	<SubTexture name="BF dies0035" x="2863" y="1440" width="405" height="466" frameX="0" frameY="-8" frameWidth="428" frameHeight="478"/>
	<SubTexture name="BF dies0036" x="3272" y="1440" width="405" height="466" frameX="0" frameY="-8" frameWidth="428" frameHeight="478"/>
	<SubTexture name="BF dies0037" x="3681" y="1440" width="405" height="466" frameX="0" frameY="-8" frameWidth="428" frameHeight="478"/>
	<SubTexture name="BF dies0038" x="4090" y="1440" width="405" height="466" frameX="0" frameY="-8" frameWidth="428" frameHeight="478"/>
	<SubTexture name="BF dies0039" x="4499" y="1440" width="405" height="466" frameX="0" frameY="-8" frameWidth="428" frameHeight="478"/>
	<SubTexture name="BF dies0040" x="4908" y="1440" width="405" height="466" frameX="0" frameY="-8" frameWidth="428" frameHeight="478"/>
	<SubTexture name="BF dies0041" x="5317" y="1440" width="405" height="466" frameX="0" frameY="-8" frameWidth="428" frameHeight="478"/>
	<SubTexture name="BF dies0042" x="5726" y="1440" width="405" height="466" frameX="0" frameY="-8" frameWidth="428" frameHeight="478"/>
	<SubTexture name="BF dies0043" x="6135" y="1440" width="405" height="466" frameX="0" frameY="-8" frameWidth="428" frameHeight="478"/>
	<SubTexture name="BF dies0044" x="6544" y="1440" width="405" height="466" frameX="0" frameY="-8" frameWidth="428" frameHeight="478"/>
	<SubTexture name="BF dies0045" x="6953" y="1440" width="405" height="466" frameX="0" frameY="-8" frameWidth="428" frameHeight="478"/>
	<SubTexture name="BF dies0046" x="7362" y="1440" width="405" height="466" frameX="0" frameY="-8" frameWidth="428" frameHeight="478"/>
	<SubTexture name="BF dies0047" x="7771" y="1440" width="405" height="466" frameX="0" frameY="-8" frameWidth="428" frameHeight="478"/>
	<SubTexture name="BF dies0048" x="0" y="1914" width="405" height="466" frameX="0" frameY="-8" frameWidth="428" frameHeight="478"/>
	<SubTexture name="BF dies0049" x="409" y="1914" width="405" height="466" frameX="0" frameY="-8" frameWidth="428" frameHeight="478"/>
	<SubTexture name="BF dies0050" x="818" y="1914" width="405" height="466" frameX="0" frameY="-8" frameWidth="428" frameHeight="478"/>
	<SubTexture name="BF dies0051" x="1227" y="1914" width="405" height="466" frameX="0" frameY="-8" frameWidth="428" frameHeight="478"/>
	<SubTexture name="BF dies0052" x="1636" y="1914" width="405" height="466" frameX="0" frameY="-8" frameWidth="428" frameHeight="478"/>
	<SubTexture name="BF dies0053" x="2045" y="1914" width="405" height="466" frameX="0" frameY="-8" frameWidth="428" frameHeight="478"/>
	<SubTexture name="BF dies0054" x="2045" y="1914" width="405" height="466" frameX="0" frameY="-8" frameWidth="428" frameHeight="478"/>
	<SubTexture name="BF dies0055" x="2045" y="1914" width="405" height="466" frameX="0" frameY="-8" frameWidth="428" frameHeight="478"/>
	<SubTexture name="BF dies0056" x="2045" y="1914" width="405" height="466" frameX="0" frameY="-8" frameWidth="428" frameHeight="478"/>
	<SubTexture name="BF dies0057" x="2045" y="1914" width="405" height="466" frameX="0" frameY="-8" frameWidth="428" frameHeight="478"/>
	<SubTexture name="BF hit0000" x="2454" y="1914" width="430" height="425" frameX="0" frameY="-16" frameWidth="459" frameHeight="441"/>
	<SubTexture name="BF hit0001" x="2888" y="1914" width="419" height="441" frameX="-4" frameY="0" frameWidth="459" frameHeight="441"/>
	<SubTexture name="BF hit0002" x="3311" y="1914" width="400" height="407" frameX="-59" frameY="-25" frameWidth="459" frameHeight="441"/>
	<SubTexture name="BF hit0003" x="3715" y="1914" width="400" height="407" frameX="-59" frameY="-25" frameWidth="459" frameHeight="441"/>
	<SubTexture name="BF hit0004" x="4119" y="1914" width="389" height="406" frameX="-59" frameY="-26" frameWidth="459" frameHeight="441"/>
	<SubTexture name="BF hit0005" x="4512" y="1914" width="389" height="406" frameX="-59" frameY="-26" frameWidth="459" frameHeight="441"/>
	<SubTexture name="BF hit0006" x="4905" y="1914" width="393" height="407" frameX="-48" frameY="-25" frameWidth="459" frameHeight="441"/>
	<SubTexture name="BF hit0007" x="5302" y="1914" width="393" height="407" frameX="-48" frameY="-25" frameWidth="459" frameHeight="441"/>
	<SubTexture name="BF hit0008" x="4905" y="1914" width="393" height="407" frameX="-48" frameY="-25" frameWidth="459" frameHeight="441"/>
	<SubTexture name="BF hit0009" x="5302" y="1914" width="393" height="407" frameX="-48" frameY="-25" frameWidth="459" frameHeight="441"/>
	<SubTexture name="BF hit0010" x="4905" y="1914" width="393" height="407" frameX="-48" frameY="-25" frameWidth="459" frameHeight="441"/>
	<SubTexture name="BF hit0011" x="5302" y="1914" width="393" height="407" frameX="-48" frameY="-25" frameWidth="459" frameHeight="441"/>
	<SubTexture name="BF hit0012" x="4905" y="1914" width="393" height="407" frameX="-48" frameY="-25" frameWidth="459" frameHeight="441"/>
	<SubTexture name="BF hit0013" x="5302" y="1914" width="393" height="407" frameX="-48" frameY="-25" frameWidth="459" frameHeight="441"/>
	<SubTexture name="BF hit0014" x="4905" y="1914" width="393" height="407" frameX="-48" frameY="-25" frameWidth="459" frameHeight="441"/>
	<SubTexture name="BF hit0015" x="5302" y="1914" width="393" height="407" frameX="-48" frameY="-25" frameWidth="459" frameHeight="441"/>
	<SubTexture name="BF hit0016" x="4905" y="1914" width="393" height="407" frameX="-48" frameY="-25" frameWidth="459" frameHeight="441"/>
	<SubTexture name="BF hit0017" x="5302" y="1914" width="393" height="407" frameX="-48" frameY="-25" frameWidth="459" frameHeight="441"/>
	<SubTexture name="BF hit0018" x="4905" y="1914" width="393" height="407" frameX="-48" frameY="-25" frameWidth="459" frameHeight="441"/>
	<SubTexture name="BF idle dance0000" x="5699" y="1914" width="378" height="416" frameX="-1" frameY="-18" frameWidth="379" frameHeight="435"/>
	<SubTexture name="BF idle dance0001" x="5699" y="1914" width="378" height="416" frameX="-1" frameY="-18" frameWidth="379" frameHeight="435"/>
	<SubTexture name="BF idle dance0002" x="6081" y="1914" width="377" height="419" frameX="0" frameY="-16" frameWidth="379" frameHeight="435"/>
	<SubTexture name="BF idle dance0003" x="6081" y="1914" width="377" height="419" frameX="0" frameY="-16" frameWidth="379" frameHeight="435"/>
	<SubTexture name="BF idle dance0004" x="6462" y="1914" width="373" height="423" frameX="-3" frameY="-12" frameWidth="379" frameHeight="435"/>
	<SubTexture name="BF idle dance0005" x="6462" y="1914" width="373" height="423" frameX="-3" frameY="-12" frameWidth="379" frameHeight="435"/>
	<SubTexture name="BF idle dance0006" x="6839" y="1914" width="375" height="434" frameX="-1" frameY="-1" frameWidth="379" frameHeight="435"/>
	<SubTexture name="BF idle dance0007" x="6839" y="1914" width="375" height="434" frameX="-1" frameY="-1" frameWidth="379" frameHeight="435"/>
	<SubTexture name="BF idle dance0008" x="7218" y="1914" width="374" height="435" frameX="-2" frameY="0" frameWidth="379" frameHeight="435"/>
	<SubTexture name="BF idle dance0009" x="7218" y="1914" width="374" height="435" frameX="-2" frameY="0" frameWidth="379" frameHeight="435"/>
	<SubTexture name="BF idle dance0010" x="7218" y="1914" width="374" height="435" frameX="-2" frameY="0" frameWidth="379" frameHeight="435"/>
	<SubTexture name="BF idle dance0011" x="7218" y="1914" width="374" height="435" frameX="-2" frameY="0" frameWidth="379" frameHeight="435"/>
	<SubTexture name="BF idle dance0012" x="7218" y="1914" width="374" height="435" frameX="-2" frameY="0" frameWidth="379" frameHeight="435"/>
	<SubTexture name="BF idle dance0013" x="7218" y="1914" width="374" height="435" frameX="-2" frameY="0" frameWidth="379" frameHeight="435"/>
	<SubTexture name="BF idle shaking0000" x="7596" y="1914" width="374" height="434" frameX="-1" frameY="-1" frameWidth="375" frameHeight="435"/>
	<SubTexture name="BF idle shaking0001" x="0" y="2384" width="372" height="434" frameX="-2" frameY="-1" frameWidth="375" frameHeight="435"/>
	<SubTexture name="BF idle shaking0002" x="376" y="2384" width="374" height="434" frameX="-1" frameY="0" frameWidth="375" frameHeight="435"/>
	<SubTexture name="BF idle shaking0003" x="754" y="2384" width="375" height="434" frameX="0" frameY="0" frameWidth="375" frameHeight="435"/>
	<SubTexture name="bf pre attack0000" x="1133" y="2384" width="385" height="373" frameX="0" frameY="-2" frameWidth="385" frameHeight="375"/>
	<SubTexture name="bf pre attack0001" x="1133" y="2384" width="385" height="373" frameX="0" frameY="-2" frameWidth="385" frameHeight="375"/>
	<SubTexture name="bf pre attack0002" x="1522" y="2384" width="382" height="375" frameX="-1" frameY="0" frameWidth="385" frameHeight="375"/>
	<SubTexture name="bf pre attack0003" x="1522" y="2384" width="382" height="375" frameX="-1" frameY="0" frameWidth="385" frameHeight="375"/>
	<SubTexture name="bf pre attack0004" x="1908" y="2384" width="382" height="375" frameX="-1" frameY="0" frameWidth="385" frameHeight="375"/>
	<SubTexture name="bf pre attack0005" x="1908" y="2384" width="382" height="375" frameX="-1" frameY="0" frameWidth="385" frameHeight="375"/>
	<SubTexture name="bf pre attack0006" x="1908" y="2384" width="382" height="375" frameX="-1" frameY="0" frameWidth="385" frameHeight="375"/>
	<SubTexture name="bf pre attack0007" x="1908" y="2384" width="382" height="375" frameX="-1" frameY="0" frameWidth="385" frameHeight="375"/>
	<SubTexture name="bf pre attack0008" x="1908" y="2384" width="382" height="375" frameX="-1" frameY="0" frameWidth="385" frameHeight="375"/>
	<SubTexture name="bf pre attack0009" x="1908" y="2384" width="382" height="375" frameX="-1" frameY="0" frameWidth="385" frameHeight="375"/>
	<SubTexture name="bf pre attack0010" x="1908" y="2384" width="382" height="375" frameX="-1" frameY="0" frameWidth="385" frameHeight="375"/>
	<SubTexture name="bf pre attack0011" x="1908" y="2384" width="382" height="375" frameX="-1" frameY="0" frameWidth="385" frameHeight="375"/>
	<SubTexture name="bf pre attack0012" x="1908" y="2384" width="382" height="375" frameX="-1" frameY="0" frameWidth="385" frameHeight="375"/>
	<SubTexture name="bf pre attack0013" x="1908" y="2384" width="382" height="375" frameX="-1" frameY="0" frameWidth="385" frameHeight="375"/>
	<SubTexture name="bf pre attack0014" x="1908" y="2384" width="382" height="375" frameX="-1" frameY="0" frameWidth="385" frameHeight="375"/>
	<SubTexture name="bf pre attack0015" x="1908" y="2384" width="382" height="375" frameX="-1" frameY="0" frameWidth="385" frameHeight="375"/>
	<SubTexture name="bf pre attack0016" x="1908" y="2384" width="382" height="375" frameX="-1" frameY="0" frameWidth="385" frameHeight="375"/>
	<SubTexture name="bf pre attack0017" x="1908" y="2384" width="382" height="375" frameX="-1" frameY="0" frameWidth="385" frameHeight="375"/>
	<SubTexture name="bf pre attack0018" x="1908" y="2384" width="382" height="375" frameX="-1" frameY="0" frameWidth="385" frameHeight="375"/>
	<SubTexture name="bf pre attack0019" x="1908" y="2384" width="382" height="375" frameX="-1" frameY="0" frameWidth="385" frameHeight="375"/>
	<SubTexture name="bf pre attack0020" x="1908" y="2384" width="382" height="375" frameX="-1" frameY="0" frameWidth="385" frameHeight="375"/>
	<SubTexture name="bf pre attack0021" x="1908" y="2384" width="382" height="375" frameX="-1" frameY="0" frameWidth="385" frameHeight="375"/>
	<SubTexture name="bf pre attack0022" x="1908" y="2384" width="382" height="375" frameX="-1" frameY="0" frameWidth="385" frameHeight="375"/>
	<SubTexture name="bf pre attack0023" x="1908" y="2384" width="382" height="375" frameX="-1" frameY="0" frameWidth="385" frameHeight="375"/>
	<SubTexture name="bf pre attack0024" x="1908" y="2384" width="382" height="375" frameX="-1" frameY="0" frameWidth="385" frameHeight="375"/>
	<SubTexture name="bf pre attack0025" x="1908" y="2384" width="382" height="375" frameX="-1" frameY="0" frameWidth="385" frameHeight="375"/>
	<SubTexture name="bf pre attack0026" x="1908" y="2384" width="382" height="375" frameX="-1" frameY="0" frameWidth="385" frameHeight="375"/>
	<SubTexture name="bf pre attack0027" x="1908" y="2384" width="382" height="375" frameX="-1" frameY="0" frameWidth="385" frameHeight="375"/>
	<SubTexture name="bf pre attack0028" x="1908" y="2384" width="382" height="375" frameX="-1" frameY="0" frameWidth="385" frameHeight="375"/>
	<SubTexture name="bf pre attack0029" x="1908" y="2384" width="382" height="375" frameX="-1" frameY="0" frameWidth="385" frameHeight="375"/>
	<SubTexture name="boyfriend attack0000" x="2294" y="2384" width="697" height="598" frameX="0" frameY="-87" frameWidth="709" frameHeight="686"/>
	<SubTexture name="boyfriend attack0001" x="2294" y="2384" width="697" height="598" frameX="0" frameY="-87" frameWidth="709" frameHeight="686"/>
	<SubTexture name="boyfriend attack0002" x="2995" y="2384" width="603" height="661" frameX="-103" frameY="-24" frameWidth="709" frameHeight="686"/>
	<SubTexture name="boyfriend attack0003" x="2995" y="2384" width="603" height="661" frameX="-103" frameY="-24" frameWidth="709" frameHeight="686"/>
	<SubTexture name="boyfriend attack0004" x="3602" y="2384" width="443" height="685" frameX="-264" frameY="0" frameWidth="709" frameHeight="686"/>
	<SubTexture name="boyfriend attack0005" x="3602" y="2384" width="443" height="685" frameX="-264" frameY="0" frameWidth="709" frameHeight="686"/>
	<SubTexture name="boyfriend attack0006" x="4049" y="2384" width="501" height="631" frameX="-208" frameY="-55" frameWidth="709" frameHeight="686"/>
	<SubTexture name="boyfriend dodge0000" x="4554" y="2384" width="376" height="406" frameX="-3" frameY="0" frameWidth="381" frameHeight="406"/>
	<SubTexture name="boyfriend dodge0001" x="4934" y="2384" width="376" height="406" frameX="-3" frameY="0" frameWidth="381" frameHeight="406"/>
	<SubTexture name="boyfriend dodge0002" x="5314" y="2384" width="381" height="403" frameX="0" frameY="-2" frameWidth="381" frameHeight="406"/>
	<SubTexture name="boyfriend dodge0003" x="5699" y="2384" width="381" height="403" frameX="0" frameY="-2" frameWidth="381" frameHeight="406"/>
	<SubTexture name="boyfriend dodge0004" x="6084" y="2384" width="381" height="403" frameX="0" frameY="-2" frameWidth="381" frameHeight="406"/>
	<SubTexture name="boyfriend dodge0005" x="5314" y="2384" width="381" height="403" frameX="0" frameY="-2" frameWidth="381" frameHeight="406"/>
	<SubTexture name="boyfriend dodge0006" x="5699" y="2384" width="381" height="403" frameX="0" frameY="-2" frameWidth="381" frameHeight="406"/>
	<SubTexture name="boyfriend dodge0007" x="6084" y="2384" width="381" height="403" frameX="0" frameY="-2" frameWidth="381" frameHeight="406"/>
	<SubTexture name="boyfriend dodge0008" x="5314" y="2384" width="381" height="403" frameX="0" frameY="-2" frameWidth="381" frameHeight="406"/>
	<SubTexture name="boyfriend dodge0009" x="5699" y="2384" width="381" height="403" frameX="0" frameY="-2" frameWidth="381" frameHeight="406"/>
	<SubTexture name="boyfriend dodge0010" x="6084" y="2384" width="381" height="403" frameX="0" frameY="-2" frameWidth="381" frameHeight="406"/>
	<SubTexture name="boyfriend dodge0011" x="5314" y="2384" width="381" height="403" frameX="0" frameY="-2" frameWidth="381" frameHeight="406"/>
	<SubTexture name="boyfriend dodge0012" x="5699" y="2384" width="381" height="403" frameX="0" frameY="-2" frameWidth="381" frameHeight="406"/>
	<SubTexture name="boyfriend dodge0013" x="6084" y="2384" width="381" height="403" frameX="0" frameY="-2" frameWidth="381" frameHeight="406"/>
	<SubTexture name="boyfriend dodge0014" x="5314" y="2384" width="381" height="403" frameX="0" frameY="-2" frameWidth="381" frameHeight="406"/>
</TextureAtlas>
